15330469,CPAGlobal,07/26/19   
15527267,CPAGlobal,07/26/19   
15774406,CPAGlobal,07/26/19   
15780301,CPAGlobal,07/26/19   
15999055,CPAGlobal,07/26/19   
16063089,CPAGlobal,07/26/19   
16070754,CPAGlobal,07/26/19   
16072312,CPAGlobal,07/26/19   
16077924,CPAGlobal,07/26/19   
16079811,CPAGlobal,07/26/19   
16093798,CPAGlobal,07/26/19   
16095612,CPAGlobal,07/26/19   
16095929,CPAGlobal,07/26/19   
16176813,CPAGlobal,07/26/19   
16204876,CPAGlobal,07/26/19   
16218452,CPAGlobal,07/26/19   
16239398,CPAGlobal,07/26/19   
16274230,CPAGlobal,07/26/19   
16278899,CPAGlobal,07/26/19   
16286570,CPAGlobal,07/26/19   
16288060,CPAGlobal,07/26/19   
16290921,CPAGlobal,07/26/19   
16291207,CPAGlobal,07/26/19   
16292573,CPAGlobal,07/26/19   
16293591,CPAGlobal,07/26/19   
16303801,CPAGlobal,07/26/19   
16304843,CPAGlobal,07/26/19   
16305272,CPAGlobal,07/26/19   
16309218,CPAGlobal,07/26/19   
16309646,CPAGlobal,07/26/19   
16309819,CPAGlobal,07/26/19   
16309928,CPAGlobal,07/26/19   
16309958,CPAGlobal,07/26/19   
16310019,CPAGlobal,07/26/19   
16310049,CPAGlobal,07/26/19   
16310175,CPAGlobal,07/26/19   
16310318,CPAGlobal,07/26/19   
16310386,CPAGlobal,07/26/19   
16310449,CPAGlobal,07/26/19   
16310455,CPAGlobal,07/26/19   
16310518,CPAGlobal,07/26/19   
16311545,CPAGlobal,07/26/19   
16312259,CPAGlobal,07/26/19   
16312319,CPAGlobal,07/26/19   
16312645,CPAGlobal,07/26/19   
16312647,CPAGlobal,07/26/19   
16312768,CPAGlobal,07/26/19   
16314819,CPAGlobal,07/26/19   
16315544,CPAGlobal,07/26/19   
16315545,CPAGlobal,07/26/19   
16315945,CPAGlobal,07/26/19   
16319379,CPAGlobal,07/26/19   
16319398,CPAGlobal,07/26/19   
16319406,CPAGlobal,07/26/19   
16321650,CPAGlobal,07/26/19   
16330451,CPAGlobal,07/26/19   
16333017,CPAGlobal,07/26/19   
16333223,CPAGlobal,07/26/19   
16334370,CPAGlobal,07/26/19   
16334941,CPAGlobal,07/26/19   
16342871,CPAGlobal,07/26/19   
16343084,CPAGlobal,07/26/19   
16343496,CPAGlobal,07/26/19   
16343539,CPAGlobal,07/26/19   
16343542,CPAGlobal,07/26/19   
16344778,CPAGlobal,07/26/19   
16347620,CPAGlobal,07/26/19   
16347692,CPAGlobal,07/26/19   
16347753,CPAGlobal,07/26/19   
16347785,CPAGlobal,07/26/19   
16348445,CPAGlobal,07/26/19   
16349740,CPAGlobal,07/26/19   
16349760,CPAGlobal,07/26/19   
16349763,CPAGlobal,07/26/19   
16349891,CPAGlobal,07/26/19   
16355742,CPAGlobal,07/26/19   
16355745,CPAGlobal,07/26/19   
16362208,CPAGlobal,07/26/19   
16374669,CPAGlobal,07/26/19   
16376313,CPAGlobal,07/26/19   
16376783,CPAGlobal,07/26/19   
16376974,CPAGlobal,07/26/19   
16377567,CPAGlobal,07/26/19   
16378139,CPAGlobal,07/26/19   
16380316,CPAGlobal,07/26/19   
16380399,CPAGlobal,07/26/19   
16380481,CPAGlobal,07/26/19   
16392053,CPAGlobal,07/26/19   
16397184,CPAGlobal,07/26/19   
16401053,CPAGlobal,07/26/19   
16403464,CPAGlobal,07/26/19   
16404416,CPAGlobal,07/26/19   
16405405,CPAGlobal,07/26/19   
16405621,CPAGlobal,07/26/19   
16405683,CPAGlobal,07/26/19   
16405736,CPAGlobal,07/26/19   
16405960,CPAGlobal,07/26/19   
16406444,CPAGlobal,07/26/19   
16406558,CPAGlobal,07/26/19   
16406571,CPAGlobal,07/26/19   
16407033,CPAGlobal,07/26/19   
16407040,CPAGlobal,07/26/19   
16407175,CPAGlobal,07/26/19   
16407264,CPAGlobal,07/26/19   
16407469,CPAGlobal,07/26/19   
16407666,CPAGlobal,07/26/19   
16407889,CPAGlobal,07/26/19   
16408064,CPAGlobal,07/26/19   
16408260,CPAGlobal,07/26/19   
16408275,CPAGlobal,07/26/19   
16408354,CPAGlobal,07/26/19   
16408604,CPAGlobal,07/26/19   
16408809,CPAGlobal,07/26/19   
16408888,CPAGlobal,07/26/19   
16408919,CPAGlobal,07/26/19   
16409004,CPAGlobal,07/26/19   
16409165,CPAGlobal,07/26/19   
16409317,CPAGlobal,07/26/19   
16409422,CPAGlobal,07/26/19   
16409601,CPAGlobal,07/26/19   
16409624,CPAGlobal,07/26/19   
16409729,CPAGlobal,07/26/19   
16409763,CPAGlobal,07/26/19   
16409766,CPAGlobal,07/26/19   
16409769,CPAGlobal,07/26/19   
16409770,CPAGlobal,07/26/19   
16409801,CPAGlobal,07/26/19   
16410136,CPAGlobal,07/26/19   
16410141,CPAGlobal,07/26/19   
16410738,CPAGlobal,07/26/19   
16410770,CPAGlobal,07/26/19   
16411071,CPAGlobal,07/26/19   
16411389,CPAGlobal,07/26/19   
16411391,CPAGlobal,07/26/19   
16411560,CPAGlobal,07/26/19   
16411583,CPAGlobal,07/26/19   
16411811,CPAGlobal,07/26/19   
16411902,CPAGlobal,07/26/19   
16411966,CPAGlobal,07/26/19   
16412290,CPAGlobal,07/26/19   
16412348,CPAGlobal,07/26/19   
16412872,CPAGlobal,07/26/19   
16413170,CPAGlobal,07/26/19   
16414391,CPAGlobal,07/26/19   
16414419,CPAGlobal,07/26/19   
16414609,CPAGlobal,07/26/19   
16415182,CPAGlobal,07/26/19   
16415391,CPAGlobal,07/26/19   
16415878,CPAGlobal,07/26/19   
16416875,CPAGlobal,07/26/19   
16416998,CPAGlobal,07/26/19   
16417177,CPAGlobal,07/26/19   
16419294,CPAGlobal,07/26/19   
16420827,CPAGlobal,07/26/19   
16420835,CPAGlobal,07/26/19   
16421471,CPAGlobal,07/26/19   
16422050,CPAGlobal,07/26/19   
16422543,CPAGlobal,07/26/19   
16424008,CPAGlobal,07/26/19   
16424442,CPAGlobal,07/26/19   
16424721,CPAGlobal,07/26/19   
16426569,CPAGlobal,07/26/19   
16426955,CPAGlobal,07/26/19   
16429137,CPAGlobal,07/26/19   
16429260,CPAGlobal,07/26/19   
16430668,CPAGlobal,07/26/19   
16430687,CPAGlobal,07/26/19   
16432368,CPAGlobal,07/26/19   
16432914,CPAGlobal,07/26/19   
16434975,CPAGlobal,07/26/19   
16435029,CPAGlobal,07/26/19   
16435526,CPAGlobal,07/26/19   
16436178,CPAGlobal,07/26/19   
16436717,CPAGlobal,07/26/19   
16437371,CPAGlobal,07/26/19   
16439895,CPAGlobal,07/26/19   
16439989,CPAGlobal,07/26/19   
16440111,CPAGlobal,07/26/19   
16441058,CPAGlobal,07/26/19   
16442644,CPAGlobal,07/26/19   
16443465,CPAGlobal,07/26/19   
16444870,CPAGlobal,07/26/19   
16445336,CPAGlobal,07/26/19   
16445612,CPAGlobal,07/26/19   
16446268,CPAGlobal,07/26/19   
16447517,CPAGlobal,07/26/19   
16451512,CPAGlobal,07/26/19   
16451514,CPAGlobal,07/26/19   
16451527,CPAGlobal,07/26/19   
16451577,CPAGlobal,07/26/19   
16451592,CPAGlobal,07/26/19   
16451622,CPAGlobal,07/26/19   
16451662,CPAGlobal,07/26/19   
16452357,CPAGlobal,07/26/19   
16452949,CPAGlobal,07/26/19   
16453907,CPAGlobal,07/26/19   
16453939,CPAGlobal,07/26/19   
16453948,CPAGlobal,07/26/19   
16454991,CPAGlobal,07/26/19   
16455653,CPAGlobal,07/26/19   
16456604,CPAGlobal,07/26/19   
16457721,CPAGlobal,07/26/19   
16457744,CPAGlobal,07/26/19   
16457958,CPAGlobal,07/26/19   
16458022,CPAGlobal,07/26/19   
16458076,CPAGlobal,07/26/19   
16459866,CPAGlobal,07/26/19   
16462164,CPAGlobal,07/26/19   
16462166,CPAGlobal,07/26/19   
16462170,CPAGlobal,07/26/19   
16462171,CPAGlobal,07/26/19   
16462180,CPAGlobal,07/26/19   
16462181,CPAGlobal,07/26/19   
16462191,CPAGlobal,07/26/19   
16462198,CPAGlobal,07/26/19   
16465362,CPAGlobal,07/26/19   
16465542,CPAGlobal,07/26/19   
16465707,CPAGlobal,07/26/19   
16466533,CPAGlobal,07/26/19   
16468318,CPAGlobal,07/26/19   
16468326,CPAGlobal,07/26/19   
16468330,CPAGlobal,07/26/19   
16468552,CPAGlobal,07/26/19   
16470152,CPAGlobal,07/26/19   
16470326,CPAGlobal,07/26/19   
16470999,CPAGlobal,07/26/19   
16471058,CPAGlobal,07/26/19   
16471854,CPAGlobal,07/26/19   
16471872,CPAGlobal,07/26/19   
16471940,CPAGlobal,07/26/19   
16472831,CPAGlobal,07/26/19   
16472890,CPAGlobal,07/26/19   
16472967,CPAGlobal,07/26/19   
16472969,CPAGlobal,07/26/19   
16472986,CPAGlobal,07/26/19   
16473055,CPAGlobal,07/26/19   
16473059,CPAGlobal,07/26/19   
16473061,CPAGlobal,07/26/19   
16473065,CPAGlobal,07/26/19   
16473070,CPAGlobal,07/26/19   
16473393,CPAGlobal,07/26/19   
16473562,CPAGlobal,07/26/19   
16474171,CPAGlobal,07/26/19   
16474587,CPAGlobal,07/26/19   
16474638,CPAGlobal,07/26/19   
16474778,CPAGlobal,07/26/19   
16474981,CPAGlobal,07/26/19   
16475119,CPAGlobal,07/26/19   
16475120,CPAGlobal,07/26/19   
16475144,CPAGlobal,07/26/19   
16475147,CPAGlobal,07/26/19   
16475154,CPAGlobal,07/26/19   
16475196,CPAGlobal,07/26/19   
16475300,CPAGlobal,07/26/19   
16475310,CPAGlobal,07/26/19   
16475311,CPAGlobal,07/26/19   
16475313,CPAGlobal,07/26/19   
16475421,CPAGlobal,07/26/19   
16475541,CPAGlobal,07/26/19   
16475633,CPAGlobal,07/26/19   
16475918,CPAGlobal,07/26/19   
16476595,CPAGlobal,07/26/19   
16476779,CPAGlobal,07/26/19   
16476788,CPAGlobal,07/26/19   
16476791,CPAGlobal,07/26/19   
16476814,CPAGlobal,07/26/19   
16477039,CPAGlobal,07/26/19   
16477081,CPAGlobal,07/26/19   
16477085,CPAGlobal,07/26/19   
16477423,CPAGlobal,07/26/19   
16478197,CPAGlobal,07/26/19   
16478368,CPAGlobal,07/26/19   
16478394,CPAGlobal,07/26/19   
16478399,CPAGlobal,07/26/19   
16478711,CPAGlobal,07/26/19   
16478729,CPAGlobal,07/26/19   
16478737,CPAGlobal,07/26/19   
16479033,CPAGlobal,07/26/19   
16479034,CPAGlobal,07/26/19   
16479037,CPAGlobal,07/26/19   
16479040,CPAGlobal,07/26/19   
16501526,CPAGlobal,07/26/19   
16503065,CPAGlobal,07/26/19   
16503751,CPAGlobal,07/26/19   
16503955,CPAGlobal,07/26/19   
16504343,CPAGlobal,07/26/19   
16505287,CPAGlobal,07/26/19   
16506191,CPAGlobal,07/26/19   
16506192,CPAGlobal,07/26/19   
16506194,CPAGlobal,07/26/19   
16506196,CPAGlobal,07/26/19   
16506199,CPAGlobal,07/26/19   
16506202,CPAGlobal,07/26/19   
16506204,CPAGlobal,07/26/19   
16506210,CPAGlobal,07/26/19   
16506212,CPAGlobal,07/26/19   
16506218,CPAGlobal,07/26/19   
16506224,CPAGlobal,07/26/19   
16506226,CPAGlobal,07/26/19   
16506229,CPAGlobal,07/26/19   
16506230,CPAGlobal,07/26/19   
16506231,CPAGlobal,07/26/19   
16506236,CPAGlobal,07/26/19   
16506239,CPAGlobal,07/26/19   
16506242,CPAGlobal,07/26/19   
16506253,CPAGlobal,07/26/19   
16506254,CPAGlobal,07/26/19   
16506262,CPAGlobal,07/26/19   
16506264,CPAGlobal,07/26/19   
16506270,CPAGlobal,07/26/19   
16506271,CPAGlobal,07/26/19   
16506273,CPAGlobal,07/26/19   
16506274,CPAGlobal,07/26/19   
16506278,CPAGlobal,07/26/19   
16506284,CPAGlobal,07/26/19   
16506288,CPAGlobal,07/26/19   
16506289,CPAGlobal,07/26/19   
16506293,CPAGlobal,07/26/19   
16506296,CPAGlobal,07/26/19   
16506302,CPAGlobal,07/26/19   
16506310,CPAGlobal,07/26/19   
16506311,CPAGlobal,07/26/19   
16506316,CPAGlobal,07/26/19   
16506320,CPAGlobal,07/26/19   
16506321,CPAGlobal,07/26/19   
16506324,CPAGlobal,07/26/19   
16506326,CPAGlobal,07/26/19   
16506329,CPAGlobal,07/26/19   
16506338,CPAGlobal,07/26/19   
16506341,CPAGlobal,07/26/19   
16506342,CPAGlobal,07/26/19   
16506343,CPAGlobal,07/26/19   
16506344,CPAGlobal,07/26/19   
16506349,CPAGlobal,07/26/19   
16506354,CPAGlobal,07/26/19   
16506356,CPAGlobal,07/26/19   
16506358,CPAGlobal,07/26/19   
16506362,CPAGlobal,07/26/19   
16506366,CPAGlobal,07/26/19   
16506374,CPAGlobal,07/26/19   
16506378,CPAGlobal,07/26/19   
16506383,CPAGlobal,07/26/19   
16506384,CPAGlobal,07/26/19   
16506389,CPAGlobal,07/26/19   
16506390,CPAGlobal,07/26/19   
16506409,CPAGlobal,07/26/19   
16506410,CPAGlobal,07/26/19   
16506413,CPAGlobal,07/26/19   
16506422,CPAGlobal,07/26/19   
16506423,CPAGlobal,07/26/19   
16506424,CPAGlobal,07/26/19   
16506431,CPAGlobal,07/26/19   
16506433,CPAGlobal,07/26/19   
16506434,CPAGlobal,07/26/19   
16506436,CPAGlobal,07/26/19   
16506438,CPAGlobal,07/26/19   
16506449,CPAGlobal,07/26/19   
16506451,CPAGlobal,07/26/19   
16506452,CPAGlobal,07/26/19   
16506453,CPAGlobal,07/26/19   
16506454,CPAGlobal,07/26/19   
16506459,CPAGlobal,07/26/19   
16506479,CPAGlobal,07/26/19   
16506480,CPAGlobal,07/26/19   
16506481,CPAGlobal,07/26/19   
16506484,CPAGlobal,07/26/19   
16506489,CPAGlobal,07/26/19   
16506491,CPAGlobal,07/26/19   
16506492,CPAGlobal,07/26/19   
16506493,CPAGlobal,07/26/19   
16506497,CPAGlobal,07/26/19   
16506498,CPAGlobal,07/26/19   
16506499,CPAGlobal,07/26/19   
16506500,CPAGlobal,07/26/19   
16506501,CPAGlobal,07/26/19   
16506505,CPAGlobal,07/26/19   
16506506,CPAGlobal,07/26/19   
16506507,CPAGlobal,07/26/19   
16506511,CPAGlobal,07/26/19   
16506517,CPAGlobal,07/26/19   
16506522,CPAGlobal,07/26/19   
16506526,CPAGlobal,07/26/19   
16506529,CPAGlobal,07/26/19   
16506530,CPAGlobal,07/26/19   
16506533,CPAGlobal,07/26/19   
16506537,CPAGlobal,07/26/19   
16506543,CPAGlobal,07/26/19   
16506548,CPAGlobal,07/26/19   
16506566,CPAGlobal,07/26/19   
16506571,CPAGlobal,07/26/19   
16506574,CPAGlobal,07/26/19   
16506579,CPAGlobal,07/26/19   
16506582,CPAGlobal,07/26/19   
16506590,CPAGlobal,07/26/19   
16506591,CPAGlobal,07/26/19   
16506593,CPAGlobal,07/26/19   
16506596,CPAGlobal,07/26/19   
16506598,CPAGlobal,07/26/19   
16506599,CPAGlobal,07/26/19   
16506604,CPAGlobal,07/26/19   
16506613,CPAGlobal,07/26/19   
16506614,CPAGlobal,07/26/19   
16506617,CPAGlobal,07/26/19   
16506618,CPAGlobal,07/26/19   
16506620,CPAGlobal,07/26/19   
16506623,CPAGlobal,07/26/19   
16506626,CPAGlobal,07/26/19   
16506627,CPAGlobal,07/26/19   
16506631,CPAGlobal,07/26/19   
16506634,CPAGlobal,07/26/19   
16506638,CPAGlobal,07/26/19   
16506643,CPAGlobal,07/26/19   
16506651,CPAGlobal,07/26/19   
16506662,CPAGlobal,07/26/19   
16506666,CPAGlobal,07/26/19   
16506667,CPAGlobal,07/26/19   
16506669,CPAGlobal,07/26/19   
16506681,CPAGlobal,07/26/19   
16506682,CPAGlobal,07/26/19   
16506683,CPAGlobal,07/26/19   
16506688,CPAGlobal,07/26/19   
16506689,CPAGlobal,07/26/19   
16506690,CPAGlobal,07/26/19   
16506694,CPAGlobal,07/26/19   
16506695,CPAGlobal,07/26/19   
16506708,CPAGlobal,07/26/19   
16506741,CPAGlobal,07/26/19   
16506750,CPAGlobal,07/26/19   
16506755,CPAGlobal,07/26/19   
16506758,CPAGlobal,07/26/19   
16506769,CPAGlobal,07/26/19   
16506935,CPAGlobal,07/26/19   
16506958,CPAGlobal,07/26/19   
16506962,CPAGlobal,07/26/19   
16506966,CPAGlobal,07/26/19   
16506972,CPAGlobal,07/26/19   
16506982,CPAGlobal,07/26/19   
16506984,CPAGlobal,07/26/19   
16506986,CPAGlobal,07/26/19   
16506993,CPAGlobal,07/26/19   
16506996,CPAGlobal,07/26/19   
16506999,CPAGlobal,07/26/19   
16507014,CPAGlobal,07/26/19   
16507015,CPAGlobal,07/26/19   
16507016,CPAGlobal,07/26/19   
16507026,CPAGlobal,07/26/19   
16507034,CPAGlobal,07/26/19   
16507038,CPAGlobal,07/26/19   
16507040,CPAGlobal,07/26/19   
16507043,CPAGlobal,07/26/19   
16507046,CPAGlobal,07/26/19   
16507047,CPAGlobal,07/26/19   
16507051,CPAGlobal,07/26/19   
16507052,CPAGlobal,07/26/19   
16507054,CPAGlobal,07/26/19   
16507056,CPAGlobal,07/26/19   
16507057,CPAGlobal,07/26/19   
16507058,CPAGlobal,07/26/19   
16507062,CPAGlobal,07/26/19   
16507064,CPAGlobal,07/26/19   
16507066,CPAGlobal,07/26/19   
16507067,CPAGlobal,07/26/19   
16507068,CPAGlobal,07/26/19   
16507070,CPAGlobal,07/26/19   
16507073,CPAGlobal,07/26/19   
16507075,CPAGlobal,07/26/19   
16507076,CPAGlobal,07/26/19   
16507078,CPAGlobal,07/26/19   
16507080,CPAGlobal,07/26/19   
16507081,CPAGlobal,07/26/19   
16507086,CPAGlobal,07/26/19   
16507087,CPAGlobal,07/26/19   
16507090,CPAGlobal,07/26/19   
16507092,CPAGlobal,07/26/19   
16507093,CPAGlobal,07/26/19   
16507099,CPAGlobal,07/26/19   
16507101,CPAGlobal,07/26/19   
16507104,CPAGlobal,07/26/19   
16507110,CPAGlobal,07/26/19   
16507111,CPAGlobal,07/26/19   
16507114,CPAGlobal,07/26/19   
16507116,CPAGlobal,07/26/19   
16507119,CPAGlobal,07/26/19   
16507130,CPAGlobal,07/26/19   
16507156,CPAGlobal,07/26/19   
16507161,CPAGlobal,07/26/19   
16507172,CPAGlobal,07/26/19   
16507177,CPAGlobal,07/26/19   
16507197,CPAGlobal,07/26/19   
16507198,CPAGlobal,07/26/19   
16507200,CPAGlobal,07/26/19   
16507206,CPAGlobal,07/26/19   
16507208,CPAGlobal,07/26/19   
16507209,CPAGlobal,07/26/19   
16507210,CPAGlobal,07/26/19   
16507218,CPAGlobal,07/26/19   
16507222,CPAGlobal,07/26/19   
16507225,CPAGlobal,07/26/19   
16507230,CPAGlobal,07/26/19   
16507233,CPAGlobal,07/26/19   
16507235,CPAGlobal,07/26/19   
16507236,CPAGlobal,07/26/19   
16507240,CPAGlobal,07/26/19   
16507244,CPAGlobal,07/26/19   
16507245,CPAGlobal,07/26/19   
16507250,CPAGlobal,07/26/19   
16507259,CPAGlobal,07/26/19   
16507270,CPAGlobal,07/26/19   
16507281,CPAGlobal,07/26/19   
16507282,CPAGlobal,07/26/19   
16507286,CPAGlobal,07/26/19   
16507287,CPAGlobal,07/26/19   
16507289,CPAGlobal,07/26/19   
16507290,CPAGlobal,07/26/19   
16507293,CPAGlobal,07/26/19   
16507294,CPAGlobal,07/26/19   
16507305,CPAGlobal,07/26/19   
16507312,CPAGlobal,07/26/19   
16507315,CPAGlobal,07/26/19   
16507316,CPAGlobal,07/26/19   
16507318,CPAGlobal,07/26/19   
16507323,CPAGlobal,07/26/19   
16507326,CPAGlobal,07/26/19   
16507328,CPAGlobal,07/26/19   
16507332,CPAGlobal,07/26/19   
16507354,CPAGlobal,07/26/19   
16507355,CPAGlobal,07/26/19   
16507359,CPAGlobal,07/26/19   
16507360,CPAGlobal,07/26/19   
16507362,CPAGlobal,07/26/19   
16507364,CPAGlobal,07/26/19   
16507365,CPAGlobal,07/26/19   
16507366,CPAGlobal,07/26/19   
16507369,CPAGlobal,07/26/19   
16507370,CPAGlobal,07/26/19   
16507378,CPAGlobal,07/26/19   
16507390,CPAGlobal,07/26/19   
16507392,CPAGlobal,07/26/19   
16507394,CPAGlobal,07/26/19   
16507399,CPAGlobal,07/26/19   
16507400,CPAGlobal,07/26/19   
16507402,CPAGlobal,07/26/19   
16507407,CPAGlobal,07/26/19   
16507409,CPAGlobal,07/26/19   
16507411,CPAGlobal,07/26/19   
16507418,CPAGlobal,07/26/19   
16507423,CPAGlobal,07/26/19   
16507428,CPAGlobal,07/26/19   
16507430,CPAGlobal,07/26/19   
16507439,CPAGlobal,07/26/19   
16507442,CPAGlobal,07/26/19   
16507451,CPAGlobal,07/26/19   
16507463,CPAGlobal,07/26/19   
16507466,CPAGlobal,07/26/19   
16507467,CPAGlobal,07/26/19   
16507469,CPAGlobal,07/26/19   
16507474,CPAGlobal,07/26/19   
16507477,CPAGlobal,07/26/19   
16507478,CPAGlobal,07/26/19   
16507481,CPAGlobal,07/26/19   
16507482,CPAGlobal,07/26/19   
16507486,CPAGlobal,07/26/19   
16507488,CPAGlobal,07/26/19   
16507492,CPAGlobal,07/26/19   
16507493,CPAGlobal,07/26/19   
16507497,CPAGlobal,07/26/19   
16507498,CPAGlobal,07/26/19   
16507500,CPAGlobal,07/26/19   
16507503,CPAGlobal,07/26/19   
16507506,CPAGlobal,07/26/19   
16507509,CPAGlobal,07/26/19   
16507514,CPAGlobal,07/26/19   
16507516,CPAGlobal,07/26/19   
16507527,CPAGlobal,07/26/19   
16507528,CPAGlobal,07/26/19   
16507536,CPAGlobal,07/26/19   
16507541,CPAGlobal,07/26/19   
16507542,CPAGlobal,07/26/19   
16507544,CPAGlobal,07/26/19   
16507548,CPAGlobal,07/26/19   
16507556,CPAGlobal,07/26/19   
16507559,CPAGlobal,07/26/19   
16507561,CPAGlobal,07/26/19   
16507564,CPAGlobal,07/26/19   
16507567,CPAGlobal,07/26/19   
16507568,CPAGlobal,07/26/19   
16507569,CPAGlobal,07/26/19   
16507573,CPAGlobal,07/26/19   
16507578,CPAGlobal,07/26/19   
16507584,CPAGlobal,07/26/19   
16507585,CPAGlobal,07/26/19   
16507587,CPAGlobal,07/26/19   
16507593,CPAGlobal,07/26/19   
16507602,CPAGlobal,07/26/19   
16507617,CPAGlobal,07/26/19   
16507620,CPAGlobal,07/26/19   
16507622,CPAGlobal,07/26/19   
16507628,CPAGlobal,07/26/19   
16507631,CPAGlobal,07/26/19   
16507634,CPAGlobal,07/26/19   
16507703,CPAGlobal,07/26/19   
16507722,CPAGlobal,07/26/19   
16507731,CPAGlobal,07/26/19   
16507766,CPAGlobal,07/26/19   
16507767,CPAGlobal,07/26/19   
16507813,CPAGlobal,07/26/19   
16507852,CPAGlobal,07/26/19   
16507904,CPAGlobal,07/26/19   
16507983,CPAGlobal,07/26/19   
16507993,CPAGlobal,07/26/19   
16508004,CPAGlobal,07/26/19   
16508010,CPAGlobal,07/26/19   
16508012,CPAGlobal,07/26/19   
16508014,CPAGlobal,07/26/19   
16508016,CPAGlobal,07/26/19   
16508023,CPAGlobal,07/26/19   
16508038,CPAGlobal,07/26/19   
16508046,CPAGlobal,07/26/19   
16508054,CPAGlobal,07/26/19   
16508056,CPAGlobal,07/26/19   
16508057,CPAGlobal,07/26/19   
16508060,CPAGlobal,07/26/19   
16508062,CPAGlobal,07/26/19   
16508065,CPAGlobal,07/26/19   
16508070,CPAGlobal,07/26/19   
16508074,CPAGlobal,07/26/19   
16508077,CPAGlobal,07/26/19   
16508088,CPAGlobal,07/26/19   
16508102,CPAGlobal,07/26/19   
16508108,CPAGlobal,07/26/19   
16508112,CPAGlobal,07/26/19   
16508115,CPAGlobal,07/26/19   
16508118,CPAGlobal,07/26/19   
16508123,CPAGlobal,07/26/19   
16508135,CPAGlobal,07/26/19   
16508140,CPAGlobal,07/26/19   
16508142,CPAGlobal,07/26/19   
16508143,CPAGlobal,07/26/19   
16508144,CPAGlobal,07/26/19   
16508152,CPAGlobal,07/26/19   
16508153,CPAGlobal,07/26/19   
16508156,CPAGlobal,07/26/19   
16508181,CPAGlobal,07/26/19   
16508183,CPAGlobal,07/26/19   
16508192,CPAGlobal,07/26/19   
16508198,CPAGlobal,07/26/19   
16508202,CPAGlobal,07/26/19   
16508204,CPAGlobal,07/26/19   
16508221,CPAGlobal,07/26/19   
16508226,CPAGlobal,07/26/19   
16508230,CPAGlobal,07/26/19   
16508241,CPAGlobal,07/26/19   
16508259,CPAGlobal,07/26/19   
16508265,CPAGlobal,07/26/19   
16508267,CPAGlobal,07/26/19   
16508304,CPAGlobal,07/26/19   
16508364,CPAGlobal,07/26/19   
16508393,CPAGlobal,07/26/19   
16508431,CPAGlobal,07/26/19   
16508434,CPAGlobal,07/26/19   
16508544,CPAGlobal,07/26/19   
16508559,CPAGlobal,07/26/19   
16508597,CPAGlobal,07/26/19   
16508603,CPAGlobal,07/26/19   
16508648,CPAGlobal,07/26/19   
16508675,CPAGlobal,07/26/19   
16508684,CPAGlobal,07/26/19   
16508780,CPAGlobal,07/26/19   
16508791,CPAGlobal,07/26/19   
16508820,CPAGlobal,07/26/19   
16508910,CPAGlobal,07/26/19   
14085069,PALM ,07/26/19       
16172685,PALM ,07/26/19       
16177844,PALM ,07/26/19       
16201404,PALM ,07/26/19       
16201895,PALM ,07/26/19       
16203189,PALM ,07/26/19       
16203384,PALM ,07/26/19       
16204045,PALM ,07/26/19       
16204140,PALM ,07/26/19       
16205445,PALM ,07/26/19       
16205448,PALM ,07/26/19       
16206111,PALM ,07/26/19       
16206641,PALM ,07/26/19       
16206777,PALM ,07/26/19       
16212724,PALM ,07/26/19       
16213695,PALM ,07/26/19       
16216841,PALM ,07/26/19       
16234809,PALM ,07/26/19       
16237875,PALM ,07/26/19       
16238201,PALM ,07/26/19       
16240463,PALM ,07/26/19       
16253822,PALM ,07/26/19       
16265060,PALM ,07/26/19       
16265070,PALM ,07/26/19       
16265608,PALM ,07/26/19       
16265875,PALM ,07/26/19       
16267737,PALM ,07/26/19       
16272393,PALM ,07/26/19       
16274134,PALM ,07/26/19       
16278274,PALM ,07/26/19       
16282191,PALM ,07/26/19       
16284680,PALM ,07/26/19       
16284977,PALM ,07/26/19       
16285470,PALM ,07/26/19       
16287419,PALM ,07/26/19       
16288826,PALM ,07/26/19       
16289094,PALM ,07/26/19       
16290827,PALM ,07/26/19       
16291455,PALM ,07/26/19       
16292188,PALM ,07/26/19       
16293955,PALM ,07/26/19       
16295267,PALM ,07/26/19       
16296033,PALM ,07/26/19       
16297823,PALM ,07/26/19       
16298310,PALM ,07/26/19       
16311440,PALM ,07/26/19       
16352929,PALM ,07/26/19       
16361838,PALM ,07/26/19       
16367795,PALM ,07/26/19       
16373853,PALM ,07/26/19       
16374965,PALM ,07/26/19       
16375044,PALM ,07/26/19       
16375359,PALM ,07/26/19       
16376283,PALM ,07/26/19       
16376483,PALM ,07/26/19       
16376574,PALM ,07/26/19       
16376631,PALM ,07/26/19       
16376927,PALM ,07/26/19       
16377029,PALM ,07/26/19       
16377607,PALM ,07/26/19       
16377643,PALM ,07/26/19       
16377837,PALM ,07/26/19       
16378006,PALM ,07/26/19       
16378809,PALM ,07/26/19       
16379233,PALM ,07/26/19       
16379265,PALM ,07/26/19       
16380461,PALM ,07/26/19       
16380865,PALM ,07/26/19       
16380994,PALM ,07/26/19       
16381915,PALM ,07/26/19       
16382080,PALM ,07/26/19       
16382307,PALM ,07/26/19       
16382533,PALM ,07/26/19       
16382727,PALM ,07/26/19       
16382850,PALM ,07/26/19       
16382986,PALM ,07/26/19       
16386903,PALM ,07/26/19       
16389751,PALM ,07/26/19       
16389842,PALM ,07/26/19       
16398998,PALM ,07/26/19       
16404736,PALM ,07/26/19       
16405518,PALM ,07/26/19       
16405524,PALM ,07/26/19       
16405667,PALM ,07/26/19       
16405720,PALM ,07/26/19       
16405809,PALM ,07/26/19       
16406048,PALM ,07/26/19       
16406358,PALM ,07/26/19       
16406456,PALM ,07/26/19       
16406623,PALM ,07/26/19       
16406941,PALM ,07/26/19       
16406960,PALM ,07/26/19       
16407052,PALM ,07/26/19       
16407143,PALM ,07/26/19       
16407159,PALM ,07/26/19       
16407590,PALM ,07/26/19       
16407747,PALM ,07/26/19       
16407961,PALM ,07/26/19       
16408016,PALM ,07/26/19       
16408234,PALM ,07/26/19       
16408245,PALM ,07/26/19       
16408263,PALM ,07/26/19       
16408265,PALM ,07/26/19       
16408308,PALM ,07/26/19       
16408721,PALM ,07/26/19       
16408969,PALM ,07/26/19       
16408999,PALM ,07/26/19       
16409181,PALM ,07/26/19       
16409209,PALM ,07/26/19       
16409328,PALM ,07/26/19       
16409344,PALM ,07/26/19       
16409380,PALM ,07/26/19       
16409442,PALM ,07/26/19       
16409461,PALM ,07/26/19       
16409609,PALM ,07/26/19       
16409635,PALM ,07/26/19       
16409660,PALM ,07/26/19       
16409708,PALM ,07/26/19       
16409887,PALM ,07/26/19       
16409965,PALM ,07/26/19       
16410200,PALM ,07/26/19       
16410388,PALM ,07/26/19       
16410481,PALM ,07/26/19       
16410502,PALM ,07/26/19       
16410537,PALM ,07/26/19       
16410565,PALM ,07/26/19       
16410742,PALM ,07/26/19       
16410858,PALM ,07/26/19       
16410897,PALM ,07/26/19       
16410916,PALM ,07/26/19       
16410919,PALM ,07/26/19       
16410947,PALM ,07/26/19       
16410977,PALM ,07/26/19       
16411222,PALM ,07/26/19       
16411278,PALM ,07/26/19       
16411279,PALM ,07/26/19       
16411340,PALM ,07/26/19       
16411395,PALM ,07/26/19       
16411411,PALM ,07/26/19       
16411483,PALM ,07/26/19       
16411569,PALM ,07/26/19       
16411606,PALM ,07/26/19       
16411697,PALM ,07/26/19       
16411752,PALM ,07/26/19       
16411792,PALM ,07/26/19       
16411863,PALM ,07/26/19       
16411878,PALM ,07/26/19       
16411936,PALM ,07/26/19       
16412029,PALM ,07/26/19       
16412032,PALM ,07/26/19       
16412376,PALM ,07/26/19       
16412654,PALM ,07/26/19       
16412684,PALM ,07/26/19       
16412721,PALM ,07/26/19       
16412893,PALM ,07/26/19       
16412929,PALM ,07/26/19       
16413299,PALM ,07/26/19       
16413910,PALM ,07/26/19       
16414602,PALM ,07/26/19       
16415719,PALM ,07/26/19       
16415744,PALM ,07/26/19       
16416771,PALM ,07/26/19       
16417048,PALM ,07/26/19       
16417733,PALM ,07/26/19       
16418096,PALM ,07/26/19       
16419957,PALM ,07/26/19       
16420233,PALM ,07/26/19       
16420672,PALM ,07/26/19       
16421645,PALM ,07/26/19       
16421962,PALM ,07/26/19       
16422256,PALM ,07/26/19       
16422752,PALM ,07/26/19       
16422990,PALM ,07/26/19       
16425181,PALM ,07/26/19       
16425496,PALM ,07/26/19       
16427169,PALM ,07/26/19       
16429206,PALM ,07/26/19       
16429787,PALM ,07/26/19       
16429789,PALM ,07/26/19       
16430702,PALM ,07/26/19       
16433023,PALM ,07/26/19       
16433215,PALM ,07/26/19       
16434768,PALM ,07/26/19       
16436118,PALM ,07/26/19       
16437531,PALM ,07/26/19       
16442989,PALM ,07/26/19       
16444851,PALM ,07/26/19       
16446765,PALM ,07/26/19       
16446888,PALM ,07/26/19       
16449402,PALM ,07/26/19       
16450168,PALM ,07/26/19       
16450455,PALM ,07/26/19       
16451496,PALM ,07/26/19       
16451646,PALM ,07/26/19       
16451732,PALM ,07/26/19       
16451764,PALM ,07/26/19       
16452647,PALM ,07/26/19       
16452670,PALM ,07/26/19       
16453428,PALM ,07/26/19       
16455818,PALM ,07/26/19       
16455856,PALM ,07/26/19       
16459383,PALM ,07/26/19       
16460793,PALM ,07/26/19       
16503660,PALM ,07/26/19       
16504146,PALM ,07/26/19       
16504228,PALM ,07/26/19       
16505168,PALM ,07/26/19       
16506129,PALM ,07/26/19       
16506188,PALM ,07/26/19       
16506193,PALM ,07/26/19       
16506195,PALM ,07/26/19       
16506207,PALM ,07/26/19       
16506209,PALM ,07/26/19       
16506211,PALM ,07/26/19       
16506213,PALM ,07/26/19       
16506217,PALM ,07/26/19       
16506220,PALM ,07/26/19       
16506221,PALM ,07/26/19       
16506222,PALM ,07/26/19       
16506223,PALM ,07/26/19       
16506227,PALM ,07/26/19       
16506228,PALM ,07/26/19       
16506247,PALM ,07/26/19       
16506249,PALM ,07/26/19       
16506250,PALM ,07/26/19       
16506260,PALM ,07/26/19       
16506261,PALM ,07/26/19       
16506263,PALM ,07/26/19       
16506266,PALM ,07/26/19       
16506280,PALM ,07/26/19       
16506287,PALM ,07/26/19       
16506294,PALM ,07/26/19       
16506303,PALM ,07/26/19       
16506304,PALM ,07/26/19       
16506309,PALM ,07/26/19       
16506318,PALM ,07/26/19       
16506322,PALM ,07/26/19       
16506330,PALM ,07/26/19       
16506353,PALM ,07/26/19       
16506359,PALM ,07/26/19       
16506365,PALM ,07/26/19       
16506367,PALM ,07/26/19       
16506375,PALM ,07/26/19       
16506376,PALM ,07/26/19       
16506381,PALM ,07/26/19       
16506386,PALM ,07/26/19       
16506392,PALM ,07/26/19       
16506393,PALM ,07/26/19       
16506394,PALM ,07/26/19       
16506397,PALM ,07/26/19       
16506403,PALM ,07/26/19       
16506406,PALM ,07/26/19       
16506412,PALM ,07/26/19       
16506417,PALM ,07/26/19       
16506427,PALM ,07/26/19       
16506430,PALM ,07/26/19       
16506441,PALM ,07/26/19       
16506445,PALM ,07/26/19       
16506447,PALM ,07/26/19       
16506448,PALM ,07/26/19       
16506461,PALM ,07/26/19       
16506466,PALM ,07/26/19       
16506475,PALM ,07/26/19       
16506476,PALM ,07/26/19       
16506482,PALM ,07/26/19       
16506483,PALM ,07/26/19       
16506486,PALM ,07/26/19       
16506488,PALM ,07/26/19       
16506504,PALM ,07/26/19       
16506515,PALM ,07/26/19       
16506516,PALM ,07/26/19       
16506520,PALM ,07/26/19       
16506528,PALM ,07/26/19       
16506534,PALM ,07/26/19       
16506535,PALM ,07/26/19       
16506536,PALM ,07/26/19       
16506538,PALM ,07/26/19       
16506541,PALM ,07/26/19       
16506547,PALM ,07/26/19       
16506554,PALM ,07/26/19       
16506555,PALM ,07/26/19       
16506563,PALM ,07/26/19       
16506567,PALM ,07/26/19       
16506569,PALM ,07/26/19       
16506570,PALM ,07/26/19       
16506576,PALM ,07/26/19       
16506578,PALM ,07/26/19       
16506586,PALM ,07/26/19       
16506589,PALM ,07/26/19       
16506592,PALM ,07/26/19       
16506597,PALM ,07/26/19       
16506609,PALM ,07/26/19       
16506610,PALM ,07/26/19       
16506616,PALM ,07/26/19       
16506619,PALM ,07/26/19       
16506644,PALM ,07/26/19       
16506645,PALM ,07/26/19       
16506653,PALM ,07/26/19       
16506655,PALM ,07/26/19       
16506659,PALM ,07/26/19       
16506660,PALM ,07/26/19       
16506663,PALM ,07/26/19       
16506664,PALM ,07/26/19       
16506676,PALM ,07/26/19       
16506679,PALM ,07/26/19       
16506684,PALM ,07/26/19       
16506687,PALM ,07/26/19       
16506692,PALM ,07/26/19       
16506735,PALM ,07/26/19       
16506738,PALM ,07/26/19       
16506742,PALM ,07/26/19       
16506745,PALM ,07/26/19       
16506747,PALM ,07/26/19       
16506748,PALM ,07/26/19       
16506753,PALM ,07/26/19       
16506757,PALM ,07/26/19       
16506762,PALM ,07/26/19       
16506794,PALM ,07/26/19       
16506929,PALM ,07/26/19       
16506931,PALM ,07/26/19       
16506934,PALM ,07/26/19       
16506940,PALM ,07/26/19       
16506949,PALM ,07/26/19       
16506954,PALM ,07/26/19       
16506956,PALM ,07/26/19       
16506961,PALM ,07/26/19       
16506963,PALM ,07/26/19       
16506968,PALM ,07/26/19       
16506969,PALM ,07/26/19       
16506975,PALM ,07/26/19       
16506977,PALM ,07/26/19       
16506992,PALM ,07/26/19       
16506994,PALM ,07/26/19       
16506997,PALM ,07/26/19       
16506998,PALM ,07/26/19       
16507002,PALM ,07/26/19       
16507008,PALM ,07/26/19       
16507010,PALM ,07/26/19       
16507011,PALM ,07/26/19       
16507017,PALM ,07/26/19       
16507024,PALM ,07/26/19       
16507028,PALM ,07/26/19       
16507029,PALM ,07/26/19       
16507030,PALM ,07/26/19       
16507055,PALM ,07/26/19       
16507100,PALM ,07/26/19       
16507106,PALM ,07/26/19       
16507107,PALM ,07/26/19       
16507123,PALM ,07/26/19       
16507127,PALM ,07/26/19       
16507128,PALM ,07/26/19       
16507129,PALM ,07/26/19       
16507136,PALM ,07/26/19       
16507140,PALM ,07/26/19       
16507141,PALM ,07/26/19       
16507142,PALM ,07/26/19       
16507154,PALM ,07/26/19       
16507157,PALM ,07/26/19       
16507162,PALM ,07/26/19       
16507165,PALM ,07/26/19       
16507168,PALM ,07/26/19       
16507175,PALM ,07/26/19       
16507176,PALM ,07/26/19       
16507178,PALM ,07/26/19       
16507182,PALM ,07/26/19       
16507188,PALM ,07/26/19       
16507192,PALM ,07/26/19       
16507196,PALM ,07/26/19       
16507201,PALM ,07/26/19       
16507215,PALM ,07/26/19       
16507227,PALM ,07/26/19       
16507232,PALM ,07/26/19       
16507243,PALM ,07/26/19       
16507246,PALM ,07/26/19       
16507253,PALM ,07/26/19       
16507261,PALM ,07/26/19       
16507262,PALM ,07/26/19       
16507272,PALM ,07/26/19       
16507280,PALM ,07/26/19       
16507283,PALM ,07/26/19       
16507291,PALM ,07/26/19       
16507292,PALM ,07/26/19       
16507307,PALM ,07/26/19       
16507308,PALM ,07/26/19       
16507310,PALM ,07/26/19       
16507314,PALM ,07/26/19       
16507317,PALM ,07/26/19       
16507321,PALM ,07/26/19       
16507330,PALM ,07/26/19       
16507331,PALM ,07/26/19       
16507340,PALM ,07/26/19       
16507346,PALM ,07/26/19       
16507349,PALM ,07/26/19       
16507350,PALM ,07/26/19       
16507351,PALM ,07/26/19       
16507357,PALM ,07/26/19       
16507358,PALM ,07/26/19       
16507379,PALM ,07/26/19       
16507380,PALM ,07/26/19       
16507382,PALM ,07/26/19       
16507388,PALM ,07/26/19       
16507389,PALM ,07/26/19       
16507391,PALM ,07/26/19       
16507413,PALM ,07/26/19       
16507424,PALM ,07/26/19       
16507427,PALM ,07/26/19       
16507443,PALM ,07/26/19       
16507452,PALM ,07/26/19       
16507457,PALM ,07/26/19       
16507464,PALM ,07/26/19       
16507471,PALM ,07/26/19       
16507476,PALM ,07/26/19       
16507480,PALM ,07/26/19       
16507485,PALM ,07/26/19       
16507495,PALM ,07/26/19       
16507499,PALM ,07/26/19       
16507512,PALM ,07/26/19       
16507515,PALM ,07/26/19       
16507520,PALM ,07/26/19       
16507522,PALM ,07/26/19       
16507523,PALM ,07/26/19       
16507524,PALM ,07/26/19       
16507526,PALM ,07/26/19       
16507529,PALM ,07/26/19       
16507531,PALM ,07/26/19       
16507533,PALM ,07/26/19       
16507543,PALM ,07/26/19       
16507571,PALM ,07/26/19       
16507577,PALM ,07/26/19       
16507580,PALM ,07/26/19       
16507581,PALM ,07/26/19       
16507583,PALM ,07/26/19       
16507588,PALM ,07/26/19       
16507590,PALM ,07/26/19       
16507597,PALM ,07/26/19       
16507605,PALM ,07/26/19       
16507610,PALM ,07/26/19       
16507614,PALM ,07/26/19       
16507615,PALM ,07/26/19       
16507623,PALM ,07/26/19       
16507624,PALM ,07/26/19       
16507625,PALM ,07/26/19       
16507626,PALM ,07/26/19       
16507632,PALM ,07/26/19       
16507633,PALM ,07/26/19       
16507635,PALM ,07/26/19       
16507637,PALM ,07/26/19       
16507639,PALM ,07/26/19       
16507664,PALM ,07/26/19       
16507680,PALM ,07/26/19       
16507729,PALM ,07/26/19       
16507823,PALM ,07/26/19       
16507856,PALM ,07/26/19       
16507888,PALM ,07/26/19       
16507901,PALM ,07/26/19       
16507952,PALM ,07/26/19       
16507953,PALM ,07/26/19       
16507960,PALM ,07/26/19       
16507962,PALM ,07/26/19       
16507966,PALM ,07/26/19       
16507967,PALM ,07/26/19       
16507978,PALM ,07/26/19       
16507981,PALM ,07/26/19       
16507982,PALM ,07/26/19       
16507987,PALM ,07/26/19       
16507989,PALM ,07/26/19       
16507992,PALM ,07/26/19       
16507994,PALM ,07/26/19       
16507996,PALM ,07/26/19       
16508003,PALM ,07/26/19       
16508015,PALM ,07/26/19       
16508018,PALM ,07/26/19       
16508040,PALM ,07/26/19       
16508044,PALM ,07/26/19       
16508052,PALM ,07/26/19       
16508059,PALM ,07/26/19       
16508061,PALM ,07/26/19       
16508076,PALM ,07/26/19       
16508104,PALM ,07/26/19       
16508107,PALM ,07/26/19       
16508109,PALM ,07/26/19       
16508111,PALM ,07/26/19       
16508124,PALM ,07/26/19       
16508126,PALM ,07/26/19       
16508129,PALM ,07/26/19       
16508130,PALM ,07/26/19       
16508132,PALM ,07/26/19       
16508138,PALM ,07/26/19       
16508139,PALM ,07/26/19       
16508145,PALM ,07/26/19       
16508147,PALM ,07/26/19       
16508155,PALM ,07/26/19       
16508164,PALM ,07/26/19       
16508165,PALM ,07/26/19       
16508170,PALM ,07/26/19       
16508173,PALM ,07/26/19       
16508176,PALM ,07/26/19       
16508177,PALM ,07/26/19       
16508186,PALM ,07/26/19       
16508199,PALM ,07/26/19       
16508214,PALM ,07/26/19       
16508227,PALM ,07/26/19       
16508249,PALM ,07/26/19       
16508261,PALM ,07/26/19       
16508262,PALM ,07/26/19       
16508291,PALM ,07/26/19       
16508395,PALM ,07/26/19       
16508403,PALM ,07/26/19       
16508414,PALM ,07/26/19       
16508552,PALM ,07/26/19       
16508569,PALM ,07/26/19       
16508593,PALM ,07/26/19       
16508612,PALM ,07/26/19       
16508635,PALM ,07/26/19       
16508661,PALM ,07/26/19       
16508666,PALM ,07/26/19       
16508670,PALM ,07/26/19       
16508728,PALM ,07/26/19       
16508782,PALM ,07/26/19       
16508852,PALM ,07/26/19       
15688124,SERCO,07/26/19       
15751662,SERCO,07/26/19       
15775053,SERCO,07/26/19       
15777048,SERCO,07/26/19       
15780860,SERCO,07/26/19       
15869932,SERCO,07/26/19       
16065720,SERCO,07/26/19       
16070052,SERCO,07/26/19       
16070304,SERCO,07/26/19       
16071276,SERCO,07/26/19       
16071900,SERCO,07/26/19       
16074849,SERCO,07/26/19       
16080291,SERCO,07/26/19       
16097445,SERCO,07/26/19       
16098420,SERCO,07/26/19       
16099108,SERCO,07/26/19       
16106122,SERCO,07/26/19       
16169980,SERCO,07/26/19       
16173778,SERCO,07/26/19       
16173934,SERCO,07/26/19       
16174414,SERCO,07/26/19       
16203873,SERCO,07/26/19       
16206838,SERCO,07/26/19       
16217397,SERCO,07/26/19       
16259362,SERCO,07/26/19       
16264450,SERCO,07/26/19       
16278824,SERCO,07/26/19       
16287271,SERCO,07/26/19       
16290139,SERCO,07/26/19       
16291678,SERCO,07/26/19       
16292153,SERCO,07/26/19       
16293627,SERCO,07/26/19       
16301403,SERCO,07/26/19       
16304868,SERCO,07/26/19       
16306455,SERCO,07/26/19       
16306505,SERCO,07/26/19       
16306796,SERCO,07/26/19       
16306818,SERCO,07/26/19       
16309225,SERCO,07/26/19       
16309398,SERCO,07/26/19       
16309577,SERCO,07/26/19       
16309624,SERCO,07/26/19       
16309626,SERCO,07/26/19       
16309668,SERCO,07/26/19       
16309685,SERCO,07/26/19       
16309690,SERCO,07/26/19       
16309779,SERCO,07/26/19       
16309818,SERCO,07/26/19       
16309855,SERCO,07/26/19       
16309868,SERCO,07/26/19       
16309877,SERCO,07/26/19       
16309896,SERCO,07/26/19       
16310067,SERCO,07/26/19       
16310075,SERCO,07/26/19       
16310078,SERCO,07/26/19       
16310098,SERCO,07/26/19       
16310105,SERCO,07/26/19       
16310325,SERCO,07/26/19       
16310336,SERCO,07/26/19       
16310408,SERCO,07/26/19       
16310425,SERCO,07/26/19       
16310435,SERCO,07/26/19       
16310457,SERCO,07/26/19       
16310485,SERCO,07/26/19       
16310486,SERCO,07/26/19       
16310515,SERCO,07/26/19       
16310549,SERCO,07/26/19       
16310565,SERCO,07/26/19       
16310595,SERCO,07/26/19       
16310596,SERCO,07/26/19       
16310605,SERCO,07/26/19       
16312685,SERCO,07/26/19       
16312686,SERCO,07/26/19       
16312697,SERCO,07/26/19       
16312727,SERCO,07/26/19       
16312734,SERCO,07/26/19       
16312884,SERCO,07/26/19       
16313909,SERCO,07/26/19       
16314667,SERCO,07/26/19       
16314668,SERCO,07/26/19       
16315578,SERCO,07/26/19       
16315749,SERCO,07/26/19       
16315928,SERCO,07/26/19       
16319356,SERCO,07/26/19       
16319378,SERCO,07/26/19       
16319386,SERCO,07/26/19       
16319394,SERCO,07/26/19       
16319407,SERCO,07/26/19       
16322162,SERCO,07/26/19       
16323372,SERCO,07/26/19       
16323737,SERCO,07/26/19       
16324901,SERCO,07/26/19       
16343082,SERCO,07/26/19       
16343403,SERCO,07/26/19       
16343488,SERCO,07/26/19       
16343490,SERCO,07/26/19       
16343495,SERCO,07/26/19       
16343500,SERCO,07/26/19       
16343514,SERCO,07/26/19       
16343528,SERCO,07/26/19       
16343529,SERCO,07/26/19       
16343546,SERCO,07/26/19       
16344768,SERCO,07/26/19       
16347644,SERCO,07/26/19       
16347648,SERCO,07/26/19       
16347651,SERCO,07/26/19       
16347652,SERCO,07/26/19       
16347662,SERCO,07/26/19       
16349637,SERCO,07/26/19       
16349757,SERCO,07/26/19       
16349758,SERCO,07/26/19       
16349767,SERCO,07/26/19       
16349897,SERCO,07/26/19       
16364856,SERCO,07/26/19       
16375709,SERCO,07/26/19       
16376452,SERCO,07/26/19       
16376997,SERCO,07/26/19       
16377153,SERCO,07/26/19       
16377660,SERCO,07/26/19       
16378194,SERCO,07/26/19       
16378536,SERCO,07/26/19       
16378558,SERCO,07/26/19       
16379509,SERCO,07/26/19       
16381158,SERCO,07/26/19       
16381454,SERCO,07/26/19       
16381661,SERCO,07/26/19       
16382164,SERCO,07/26/19       
16385208,SERCO,07/26/19       
16392282,SERCO,07/26/19       
16392288,SERCO,07/26/19       
16395507,SERCO,07/26/19       
16399658,SERCO,07/26/19       
16400936,SERCO,07/26/19       
16401394,SERCO,07/26/19       
16401950,SERCO,07/26/19       
16404698,SERCO,07/26/19       
16405301,SERCO,07/26/19       
16405702,SERCO,07/26/19       
16405827,SERCO,07/26/19       
16405899,SERCO,07/26/19       
16405914,SERCO,07/26/19       
16405981,SERCO,07/26/19       
16405988,SERCO,07/26/19       
16405991,SERCO,07/26/19       
16405997,SERCO,07/26/19       
16406613,SERCO,07/26/19       
16406772,SERCO,07/26/19       
16407108,SERCO,07/26/19       
16407120,SERCO,07/26/19       
16407127,SERCO,07/26/19       
16407535,SERCO,07/26/19       
16407807,SERCO,07/26/19       
16408244,SERCO,07/26/19       
16408394,SERCO,07/26/19       
16408485,SERCO,07/26/19       
16408817,SERCO,07/26/19       
16409076,SERCO,07/26/19       
16409249,SERCO,07/26/19       
16409250,SERCO,07/26/19       
16409329,SERCO,07/26/19       
16409466,SERCO,07/26/19       
16409523,SERCO,07/26/19       
16409532,SERCO,07/26/19       
16409751,SERCO,07/26/19       
16409754,SERCO,07/26/19       
16409765,SERCO,07/26/19       
16409773,SERCO,07/26/19       
16409775,SERCO,07/26/19       
16410219,SERCO,07/26/19       
16410277,SERCO,07/26/19       
16410324,SERCO,07/26/19       
16410597,SERCO,07/26/19       
16410625,SERCO,07/26/19       
16410851,SERCO,07/26/19       
16410979,SERCO,07/26/19       
16411044,SERCO,07/26/19       
16411626,SERCO,07/26/19       
16411723,SERCO,07/26/19       
16411917,SERCO,07/26/19       
16412263,SERCO,07/26/19       
16412674,SERCO,07/26/19       
16413006,SERCO,07/26/19       
16414452,SERCO,07/26/19       
16414532,SERCO,07/26/19       
16415933,SERCO,07/26/19       
16417593,SERCO,07/26/19       
16418752,SERCO,07/26/19       
16419000,SERCO,07/26/19       
16419756,SERCO,07/26/19       
16421173,SERCO,07/26/19       
16421833,SERCO,07/26/19       
16421841,SERCO,07/26/19       
16422142,SERCO,07/26/19       
16423059,SERCO,07/26/19       
16424340,SERCO,07/26/19       
16424615,SERCO,07/26/19       
16425012,SERCO,07/26/19       
16426131,SERCO,07/26/19       
16429130,SERCO,07/26/19       
16430170,SERCO,07/26/19       
16431690,SERCO,07/26/19       
16431750,SERCO,07/26/19       
16432544,SERCO,07/26/19       
16433090,SERCO,07/26/19       
16433279,SERCO,07/26/19       
16433454,SERCO,07/26/19       
16433503,SERCO,07/26/19       
16436859,SERCO,07/26/19       
16439238,SERCO,07/26/19       
16443400,SERCO,07/26/19       
16444514,SERCO,07/26/19       
16444788,SERCO,07/26/19       
16446218,SERCO,07/26/19       
16446344,SERCO,07/26/19       
16447179,SERCO,07/26/19       
16449401,SERCO,07/26/19       
16449914,SERCO,07/26/19       
16450002,SERCO,07/26/19       
16450320,SERCO,07/26/19       
16450565,SERCO,07/26/19       
16451273,SERCO,07/26/19       
16451440,SERCO,07/26/19       
16451495,SERCO,07/26/19       
16451537,SERCO,07/26/19       
16451543,SERCO,07/26/19       
16451625,SERCO,07/26/19       
16451652,SERCO,07/26/19       
16451793,SERCO,07/26/19       
16451824,SERCO,07/26/19       
16451852,SERCO,07/26/19       
16452697,SERCO,07/26/19       
16453022,SERCO,07/26/19       
16453679,SERCO,07/26/19       
16453920,SERCO,07/26/19       
16455699,SERCO,07/26/19       
16457215,SERCO,07/26/19       
16457714,SERCO,07/26/19       
16457985,SERCO,07/26/19       
16458060,SERCO,07/26/19       
16458137,SERCO,07/26/19       
16458311,SERCO,07/26/19       
16459872,SERCO,07/26/19       
16460777,SERCO,07/26/19       
16460786,SERCO,07/26/19       
16460792,SERCO,07/26/19       
16461501,SERCO,07/26/19       
16462160,SERCO,07/26/19       
16462163,SERCO,07/26/19       
16462167,SERCO,07/26/19       
16462169,SERCO,07/26/19       
16462174,SERCO,07/26/19       
16462175,SERCO,07/26/19       
16462176,SERCO,07/26/19       
16462177,SERCO,07/26/19       
16462179,SERCO,07/26/19       
16462182,SERCO,07/26/19       
16462189,SERCO,07/26/19       
16462190,SERCO,07/26/19       
16462195,SERCO,07/26/19       
16465540,SERCO,07/26/19       
16465886,SERCO,07/26/19       
16468245,SERCO,07/26/19       
16468562,SERCO,07/26/19       
16468884,SERCO,07/26/19       
16468911,SERCO,07/26/19       
16468913,SERCO,07/26/19       
16470638,SERCO,07/26/19       
16470996,SERCO,07/26/19       
16471051,SERCO,07/26/19       
16471686,SERCO,07/26/19       
16471907,SERCO,07/26/19       
16471931,SERCO,07/26/19       
16472685,SERCO,07/26/19       
16472818,SERCO,07/26/19       
16472819,SERCO,07/26/19       
16472889,SERCO,07/26/19       
16472983,SERCO,07/26/19       
16472987,SERCO,07/26/19       
16472989,SERCO,07/26/19       
16473031,SERCO,07/26/19       
16473058,SERCO,07/26/19       
16473064,SERCO,07/26/19       
16473067,SERCO,07/26/19       
16473068,SERCO,07/26/19       
16473154,SERCO,07/26/19       
16473155,SERCO,07/26/19       
16473208,SERCO,07/26/19       
16473559,SERCO,07/26/19       
16473564,SERCO,07/26/19       
16473783,SERCO,07/26/19       
16474776,SERCO,07/26/19       
16475121,SERCO,07/26/19       
16475139,SERCO,07/26/19       
16475146,SERCO,07/26/19       
16475151,SERCO,07/26/19       
16475152,SERCO,07/26/19       
16475153,SERCO,07/26/19       
16475294,SERCO,07/26/19       
16475522,SERCO,07/26/19       
16475958,SERCO,07/26/19       
16476518,SERCO,07/26/19       
16476588,SERCO,07/26/19       
16476592,SERCO,07/26/19       
16476624,SERCO,07/26/19       
16476865,SERCO,07/26/19       
16476881,SERCO,07/26/19       
16476928,SERCO,07/26/19       
16476932,SERCO,07/26/19       
16477038,SERCO,07/26/19       
16477133,SERCO,07/26/19       
16478195,SERCO,07/26/19       
16478370,SERCO,07/26/19       
16478397,SERCO,07/26/19       
16478526,SERCO,07/26/19       
16478533,SERCO,07/26/19       
16478568,SERCO,07/26/19       
16478570,SERCO,07/26/19       
16478852,SERCO,07/26/19       
16479031,SERCO,07/26/19       
16501421,SERCO,07/26/19       
16501874,SERCO,07/26/19       
16501929,SERCO,07/26/19       
16502411,SERCO,07/26/19       
16502779,SERCO,07/26/19       
16504410,SERCO,07/26/19       
16504698,SERCO,07/26/19       
16506189,SERCO,07/26/19       
16506197,SERCO,07/26/19       
16506200,SERCO,07/26/19       
16506203,SERCO,07/26/19       
16506215,SERCO,07/26/19       
16506232,SERCO,07/26/19       
16506233,SERCO,07/26/19       
16506238,SERCO,07/26/19       
16506241,SERCO,07/26/19       
16506251,SERCO,07/26/19       
16506255,SERCO,07/26/19       
16506259,SERCO,07/26/19       
16506267,SERCO,07/26/19       
16506272,SERCO,07/26/19       
16506282,SERCO,07/26/19       
16506291,SERCO,07/26/19       
16506300,SERCO,07/26/19       
16506301,SERCO,07/26/19       
16506305,SERCO,07/26/19       
16506307,SERCO,07/26/19       
16506308,SERCO,07/26/19       
16506319,SERCO,07/26/19       
16506323,SERCO,07/26/19       
16506325,SERCO,07/26/19       
16506332,SERCO,07/26/19       
16506333,SERCO,07/26/19       
16506339,SERCO,07/26/19       
16506347,SERCO,07/26/19       
16506350,SERCO,07/26/19       
16506355,SERCO,07/26/19       
16506364,SERCO,07/26/19       
16506368,SERCO,07/26/19       
16506369,SERCO,07/26/19       
16506370,SERCO,07/26/19       
16506371,SERCO,07/26/19       
16506380,SERCO,07/26/19       
16506387,SERCO,07/26/19       
16506401,SERCO,07/26/19       
16506402,SERCO,07/26/19       
16506405,SERCO,07/26/19       
16506415,SERCO,07/26/19       
16506418,SERCO,07/26/19       
16506421,SERCO,07/26/19       
16506425,SERCO,07/26/19       
16506432,SERCO,07/26/19       
16506437,SERCO,07/26/19       
16506439,SERCO,07/26/19       
16506442,SERCO,07/26/19       
16506446,SERCO,07/26/19       
16506450,SERCO,07/26/19       
16506455,SERCO,07/26/19       
16506458,SERCO,07/26/19       
16506464,SERCO,07/26/19       
16506465,SERCO,07/26/19       
16506467,SERCO,07/26/19       
16506468,SERCO,07/26/19       
16506469,SERCO,07/26/19       
16506472,SERCO,07/26/19       
16506473,SERCO,07/26/19       
16506474,SERCO,07/26/19       
16506477,SERCO,07/26/19       
16506478,SERCO,07/26/19       
16506487,SERCO,07/26/19       
16506494,SERCO,07/26/19       
16506495,SERCO,07/26/19       
16506503,SERCO,07/26/19       
16506508,SERCO,07/26/19       
16506510,SERCO,07/26/19       
16506512,SERCO,07/26/19       
16506513,SERCO,07/26/19       
16506514,SERCO,07/26/19       
16506519,SERCO,07/26/19       
16506521,SERCO,07/26/19       
16506523,SERCO,07/26/19       
16506525,SERCO,07/26/19       
16506527,SERCO,07/26/19       
16506532,SERCO,07/26/19       
16506539,SERCO,07/26/19       
16506544,SERCO,07/26/19       
16506545,SERCO,07/26/19       
16506550,SERCO,07/26/19       
16506551,SERCO,07/26/19       
16506556,SERCO,07/26/19       
16506564,SERCO,07/26/19       
16506568,SERCO,07/26/19       
16506575,SERCO,07/26/19       
16506580,SERCO,07/26/19       
16506585,SERCO,07/26/19       
16506588,SERCO,07/26/19       
16506594,SERCO,07/26/19       
16506607,SERCO,07/26/19       
16506611,SERCO,07/26/19       
16506612,SERCO,07/26/19       
16506625,SERCO,07/26/19       
16506632,SERCO,07/26/19       
16506633,SERCO,07/26/19       
16506635,SERCO,07/26/19       
16506637,SERCO,07/26/19       
16506641,SERCO,07/26/19       
16506647,SERCO,07/26/19       
16506648,SERCO,07/26/19       
16506652,SERCO,07/26/19       
16506654,SERCO,07/26/19       
16506661,SERCO,07/26/19       
16506665,SERCO,07/26/19       
16506668,SERCO,07/26/19       
16506673,SERCO,07/26/19       
16506677,SERCO,07/26/19       
16506678,SERCO,07/26/19       
16506685,SERCO,07/26/19       
16506693,SERCO,07/26/19       
16506737,SERCO,07/26/19       
16506746,SERCO,07/26/19       
16506752,SERCO,07/26/19       
16506759,SERCO,07/26/19       
16506795,SERCO,07/26/19       
16506803,SERCO,07/26/19       
16506926,SERCO,07/26/19       
16506936,SERCO,07/26/19       
16506941,SERCO,07/26/19       
16506943,SERCO,07/26/19       
16506948,SERCO,07/26/19       
16506950,SERCO,07/26/19       
16506952,SERCO,07/26/19       
16506957,SERCO,07/26/19       
16506964,SERCO,07/26/19       
16506967,SERCO,07/26/19       
16506973,SERCO,07/26/19       
16506976,SERCO,07/26/19       
16506978,SERCO,07/26/19       
16506990,SERCO,07/26/19       
16506995,SERCO,07/26/19       
16507003,SERCO,07/26/19       
16507005,SERCO,07/26/19       
16507007,SERCO,07/26/19       
16507009,SERCO,07/26/19       
16507018,SERCO,07/26/19       
16507031,SERCO,07/26/19       
16507035,SERCO,07/26/19       
16507036,SERCO,07/26/19       
16507039,SERCO,07/26/19       
16507041,SERCO,07/26/19       
16507042,SERCO,07/26/19       
16507044,SERCO,07/26/19       
16507048,SERCO,07/26/19       
16507050,SERCO,07/26/19       
16507059,SERCO,07/26/19       
16507060,SERCO,07/26/19       
16507061,SERCO,07/26/19       
16507063,SERCO,07/26/19       
16507065,SERCO,07/26/19       
16507069,SERCO,07/26/19       
16507071,SERCO,07/26/19       
16507072,SERCO,07/26/19       
16507074,SERCO,07/26/19       
16507077,SERCO,07/26/19       
16507083,SERCO,07/26/19       
16507085,SERCO,07/26/19       
16507088,SERCO,07/26/19       
16507089,SERCO,07/26/19       
16507091,SERCO,07/26/19       
16507094,SERCO,07/26/19       
16507095,SERCO,07/26/19       
16507096,SERCO,07/26/19       
16507098,SERCO,07/26/19       
16507103,SERCO,07/26/19       
16507112,SERCO,07/26/19       
16507118,SERCO,07/26/19       
16507124,SERCO,07/26/19       
16507131,SERCO,07/26/19       
16507132,SERCO,07/26/19       
16507137,SERCO,07/26/19       
16507143,SERCO,07/26/19       
16507144,SERCO,07/26/19       
16507145,SERCO,07/26/19       
16507146,SERCO,07/26/19       
16507147,SERCO,07/26/19       
16507151,SERCO,07/26/19       
16507153,SERCO,07/26/19       
16507158,SERCO,07/26/19       
16507159,SERCO,07/26/19       
16507160,SERCO,07/26/19       
16507167,SERCO,07/26/19       
16507170,SERCO,07/26/19       
16507174,SERCO,07/26/19       
16507183,SERCO,07/26/19       
16507184,SERCO,07/26/19       
16507185,SERCO,07/26/19       
16507195,SERCO,07/26/19       
16507205,SERCO,07/26/19       
16507211,SERCO,07/26/19       
16507212,SERCO,07/26/19       
16507213,SERCO,07/26/19       
16507216,SERCO,07/26/19       
16507217,SERCO,07/26/19       
16507223,SERCO,07/26/19       
16507226,SERCO,07/26/19       
16507228,SERCO,07/26/19       
16507234,SERCO,07/26/19       
16507237,SERCO,07/26/19       
16507238,SERCO,07/26/19       
16507239,SERCO,07/26/19       
16507241,SERCO,07/26/19       
16507248,SERCO,07/26/19       
16507256,SERCO,07/26/19       
16507257,SERCO,07/26/19       
16507258,SERCO,07/26/19       
16507260,SERCO,07/26/19       
16507268,SERCO,07/26/19       
16507271,SERCO,07/26/19       
16507273,SERCO,07/26/19       
16507275,SERCO,07/26/19       
16507276,SERCO,07/26/19       
16507277,SERCO,07/26/19       
16507279,SERCO,07/26/19       
16507288,SERCO,07/26/19       
16507296,SERCO,07/26/19       
16507298,SERCO,07/26/19       
16507303,SERCO,07/26/19       
16507309,SERCO,07/26/19       
16507311,SERCO,07/26/19       
16507313,SERCO,07/26/19       
16507319,SERCO,07/26/19       
16507322,SERCO,07/26/19       
16507324,SERCO,07/26/19       
16507334,SERCO,07/26/19       
16507337,SERCO,07/26/19       
16507341,SERCO,07/26/19       
16507342,SERCO,07/26/19       
16507343,SERCO,07/26/19       
16507345,SERCO,07/26/19       
16507348,SERCO,07/26/19       
16507353,SERCO,07/26/19       
16507356,SERCO,07/26/19       
16507361,SERCO,07/26/19       
16507368,SERCO,07/26/19       
16507372,SERCO,07/26/19       
16507373,SERCO,07/26/19       
16507374,SERCO,07/26/19       
16507377,SERCO,07/26/19       
16507385,SERCO,07/26/19       
16507387,SERCO,07/26/19       
16507393,SERCO,07/26/19       
16507397,SERCO,07/26/19       
16507398,SERCO,07/26/19       
16507403,SERCO,07/26/19       
16507405,SERCO,07/26/19       
16507417,SERCO,07/26/19       
16507425,SERCO,07/26/19       
16507426,SERCO,07/26/19       
16507429,SERCO,07/26/19       
16507434,SERCO,07/26/19       
16507440,SERCO,07/26/19       
16507441,SERCO,07/26/19       
16507446,SERCO,07/26/19       
16507447,SERCO,07/26/19       
16507448,SERCO,07/26/19       
16507453,SERCO,07/26/19       
16507454,SERCO,07/26/19       
16507455,SERCO,07/26/19       
16507456,SERCO,07/26/19       
16507458,SERCO,07/26/19       
16507461,SERCO,07/26/19       
16507465,SERCO,07/26/19       
16507472,SERCO,07/26/19       
16507473,SERCO,07/26/19       
16507475,SERCO,07/26/19       
16507483,SERCO,07/26/19       
16507484,SERCO,07/26/19       
16507487,SERCO,07/26/19       
16507490,SERCO,07/26/19       
16507491,SERCO,07/26/19       
16507496,SERCO,07/26/19       
16507502,SERCO,07/26/19       
16507504,SERCO,07/26/19       
16507507,SERCO,07/26/19       
16507508,SERCO,07/26/19       
16507510,SERCO,07/26/19       
16507513,SERCO,07/26/19       
16507517,SERCO,07/26/19       
16507519,SERCO,07/26/19       
16507530,SERCO,07/26/19       
16507534,SERCO,07/26/19       
16507537,SERCO,07/26/19       
16507538,SERCO,07/26/19       
16507539,SERCO,07/26/19       
16507540,SERCO,07/26/19       
16507546,SERCO,07/26/19       
16507547,SERCO,07/26/19       
16507550,SERCO,07/26/19       
16507554,SERCO,07/26/19       
16507562,SERCO,07/26/19       
16507563,SERCO,07/26/19       
16507575,SERCO,07/26/19       
16507591,SERCO,07/26/19       
16507592,SERCO,07/26/19       
16507596,SERCO,07/26/19       
16507598,SERCO,07/26/19       
16507599,SERCO,07/26/19       
16507600,SERCO,07/26/19       
16507603,SERCO,07/26/19       
16507604,SERCO,07/26/19       
16507606,SERCO,07/26/19       
16507608,SERCO,07/26/19       
16507609,SERCO,07/26/19       
16507611,SERCO,07/26/19       
16507613,SERCO,07/26/19       
16507618,SERCO,07/26/19       
16507619,SERCO,07/26/19       
16507621,SERCO,07/26/19       
16507627,SERCO,07/26/19       
16507641,SERCO,07/26/19       
16507643,SERCO,07/26/19       
16507670,SERCO,07/26/19       
16507691,SERCO,07/26/19       
16507694,SERCO,07/26/19       
16507698,SERCO,07/26/19       
16507726,SERCO,07/26/19       
16507732,SERCO,07/26/19       
16507824,SERCO,07/26/19       
16507836,SERCO,07/26/19       
16507854,SERCO,07/26/19       
16507859,SERCO,07/26/19       
16507876,SERCO,07/26/19       
16507890,SERCO,07/26/19       
16507923,SERCO,07/26/19       
16507926,SERCO,07/26/19       
16507963,SERCO,07/26/19       
16507976,SERCO,07/26/19       
16507980,SERCO,07/26/19       
16507991,SERCO,07/26/19       
16507997,SERCO,07/26/19       
16507998,SERCO,07/26/19       
16508000,SERCO,07/26/19       
16508002,SERCO,07/26/19       
16508009,SERCO,07/26/19       
16508022,SERCO,07/26/19       
16508024,SERCO,07/26/19       
16508025,SERCO,07/26/19       
16508027,SERCO,07/26/19       
16508029,SERCO,07/26/19       
16508042,SERCO,07/26/19       
16508047,SERCO,07/26/19       
16508049,SERCO,07/26/19       
16508050,SERCO,07/26/19       
16508075,SERCO,07/26/19       
16508078,SERCO,07/26/19       
16508085,SERCO,07/26/19       
16508095,SERCO,07/26/19       
16508122,SERCO,07/26/19       
16508128,SERCO,07/26/19       
16508133,SERCO,07/26/19       
16508134,SERCO,07/26/19       
16508136,SERCO,07/26/19       
16508137,SERCO,07/26/19       
16508157,SERCO,07/26/19       
16508167,SERCO,07/26/19       
16508169,SERCO,07/26/19       
16508175,SERCO,07/26/19       
16508179,SERCO,07/26/19       
16508182,SERCO,07/26/19       
16508189,SERCO,07/26/19       
16508190,SERCO,07/26/19       
16508203,SERCO,07/26/19       
16508205,SERCO,07/26/19       
16508207,SERCO,07/26/19       
16508210,SERCO,07/26/19       
16508211,SERCO,07/26/19       
16508222,SERCO,07/26/19       
16508239,SERCO,07/26/19       
16508240,SERCO,07/26/19       
16508242,SERCO,07/26/19       
16508244,SERCO,07/26/19       
16508245,SERCO,07/26/19       
16508257,SERCO,07/26/19       
16508286,SERCO,07/26/19       
16508289,SERCO,07/26/19       
16508300,SERCO,07/26/19       
16508340,SERCO,07/26/19       
16508344,SERCO,07/26/19       
16508353,SERCO,07/26/19       
16508358,SERCO,07/26/19       
16508390,SERCO,07/26/19       
16508392,SERCO,07/26/19       
16508421,SERCO,07/26/19       
16508435,SERCO,07/26/19       
16508453,SERCO,07/26/19       
16508564,SERCO,07/26/19       
16508566,SERCO,07/26/19       
16508583,SERCO,07/26/19       
16508616,SERCO,07/26/19       
16508618,SERCO,07/26/19       
16508619,SERCO,07/26/19       
16508681,SERCO,07/26/19       
16508690,SERCO,07/26/19       
16508694,SERCO,07/26/19       
16508729,SERCO,07/26/19       
16508767,SERCO,07/26/19       
16508772,SERCO,07/26/19       
16508775,SERCO,07/26/19       
16508855,SERCO,07/26/19       
16508906,SERCO,07/26/19       
16508931,SERCO,07/26/19       
